url_abs,centro,position,scraped_at
http://alojawebapps.us.es/centrosdptos/pdi/pdi.php?pdi=5004,FACULTAD DE CIENCIAS ECONÓMICAS Y EMPRESARIALES,1,2026-05-09T07:30:22+00:00
http://alojawebapps.us.es/centrosdptos/pdi/pdi.php?pdi=18249,FACULTAD DE CIENCIAS ECONÓMICAS Y EMPRESARIALES,1,2026-05-09T07:30:23+00:00
http://alojawebapps.us.es/centrosdptos/pdi/pdi.php?pdi=18249,FACULTAD DE TURISMO Y FINANZAS,2,2026-05-09T07:30:23+00:00
http://alojawebapps.us.es/centrosdptos/pdi/pdi.php?pdi=18249,FACULTAD DE DERECHO,3,2026-05-09T07:30:23+00:00
http://alojawebapps.us.es/centrosdptos/pdi/pdi.php?pdi=5725,FACULTAD DE CIENCIAS DEL TRABAJO,1,2026-05-09T07:30:24+00:00
http://alojawebapps.us.es/centrosdptos/pdi/pdi.php?pdi=4741,FACULTAD DE TURISMO Y FINANZAS,1,2026-05-09T07:30:25+00:00
http://alojawebapps.us.es/centrosdptos/pdi/pdi.php?pdi=4944,FACULTAD DE CIENCIAS ECONÓMICAS Y EMPRESARIALES,1,2026-05-09T07:30:25+00:00
http://alojawebapps.us.es/centrosdptos/pdi/pdi.php?pdi=16741,FACULTAD DE TURISMO Y FINANZAS,1,2026-05-09T07:30:26+00:00
http://alojawebapps.us.es/centrosdptos/pdi/pdi.php?pdi=16741,FACULTAD DE CIENCIAS ECONÓMICAS Y EMPRESARIALES,2,2026-05-09T07:30:26+00:00
http://alojawebapps.us.es/centrosdptos/pdi/pdi.php?pdi=12807,FACULTAD DE CIENCIAS ECONÓMICAS Y EMPRESARIALES,1,2026-05-09T07:30:27+00:00
http://alojawebapps.us.es/centrosdptos/pdi/pdi.php?pdi=12807,FACULTAD DE DERECHO,2,2026-05-09T07:30:27+00:00
http://alojawebapps.us.es/centrosdptos/pdi/pdi.php?pdi=12807,FACULTAD DE TURISMO Y FINANZAS,3,2026-05-09T07:30:27+00:00
http://alojawebapps.us.es/centrosdptos/pdi/pdi.php?pdi=12807,ESCUELA INTERNACIONAL DE POSGRADO (EIP),4,2026-05-09T07:30:27+00:00
http://alojawebapps.us.es/centrosdptos/pdi/pdi.php?pdi=3299,FACULTAD DE TURISMO Y FINANZAS,1,2026-05-09T07:30:28+00:00
http://alojawebapps.us.es/centrosdptos/pdi/pdi.php?pdi=3299,FACULTAD DE CIENCIAS ECONÓMICAS Y EMPRESARIALES,2,2026-05-09T07:30:28+00:00
http://alojawebapps.us.es/centrosdptos/pdi/pdi.php?pdi=13366,FACULTAD DE TURISMO Y FINANZAS,1,2026-05-09T07:30:28+00:00
http://alojawebapps.us.es/centrosdptos/pdi/pdi.php?pdi=13366,FACULTAD DE CIENCIAS ECONÓMICAS Y EMPRESARIALES,2,2026-05-09T07:30:28+00:00
http://alojawebapps.us.es/centrosdptos/pdi/pdi.php?pdi=5679,FACULTAD DE CIENCIAS ECONÓMICAS Y EMPRESARIALES,1,2026-05-09T07:30:29+00:00
http://alojawebapps.us.es/centrosdptos/pdi/pdi.php?pdi=5679,FACULTAD DE DERECHO,2,2026-05-09T07:30:29+00:00
http://alojawebapps.us.es/centrosdptos/pdi/pdi.php?pdi=18460,FACULTAD DE TURISMO Y FINANZAS,1,2026-05-09T07:30:30+00:00
http://alojawebapps.us.es/centrosdptos/pdi/pdi.php?pdi=6214,FACULTAD DE TURISMO Y FINANZAS,1,2026-05-09T07:30:30+00:00
http://alojawebapps.us.es/centrosdptos/pdi/pdi.php?pdi=6214,FACULTAD DE CIENCIAS ECONÓMICAS Y EMPRESARIALES,2,2026-05-09T07:30:30+00:00
http://alojawebapps.us.es/centrosdptos/pdi/pdi.php?pdi=6214,FACULTAD DE CIENCIAS DEL TRABAJO,3,2026-05-09T07:30:30+00:00
http://alojawebapps.us.es/centrosdptos/pdi/pdi.php?pdi=5631,FACULTAD DE COMUNICACIÓN,1,2026-05-09T07:30:31+00:00
http://alojawebapps.us.es/centrosdptos/pdi/pdi.php?pdi=5631,FACULTAD DE CIENCIAS ECONÓMICAS Y EMPRESARIALES,2,2026-05-09T07:30:31+00:00
http://alojawebapps.us.es/centrosdptos/pdi/pdi.php?pdi=3020,FACULTAD DE TURISMO Y FINANZAS,1,2026-05-09T07:30:32+00:00
http://alojawebapps.us.es/centrosdptos/pdi/pdi.php?pdi=3020,ESCUELA INTERNACIONAL DE POSGRADO (EIP),2,2026-05-09T07:30:32+00:00
http://alojawebapps.us.es/centrosdptos/pdi/pdi.php?pdi=5602,FACULTAD DE CIENCIAS ECONÓMICAS Y EMPRESARIALES,1,2026-05-09T07:30:33+00:00
http://alojawebapps.us.es/centrosdptos/pdi/pdi.php?pdi=5602,FACULTAD DE DERECHO,2,2026-05-09T07:30:33+00:00
http://alojawebapps.us.es/centrosdptos/pdi/pdi.php?pdi=5602,FACULTAD DE TURISMO Y FINANZAS,3,2026-05-09T07:30:33+00:00
http://alojawebapps.us.es/centrosdptos/pdi/pdi.php?pdi=5602,FACULTAD DE MEDICINA,4,2026-05-09T07:30:33+00:00
http://alojawebapps.us.es/centrosdptos/pdi/pdi.php?pdi=3051,FACULTAD DE TURISMO Y FINANZAS,1,2026-05-09T07:30:33+00:00
http://alojawebapps.us.es/centrosdptos/pdi/pdi.php?pdi=3051,FACULTAD DE CIENCIAS ECONÓMICAS Y EMPRESARIALES,2,2026-05-09T07:30:33+00:00
http://alojawebapps.us.es/centrosdptos/pdi/pdi.php?pdi=11994,FACULTAD DE CIENCIAS ECONÓMICAS Y EMPRESARIALES,1,2026-05-09T07:30:34+00:00
http://alojawebapps.us.es/centrosdptos/pdi/pdi.php?pdi=11994,FACULTAD DE DERECHO,2,2026-05-09T07:30:34+00:00
http://alojawebapps.us.es/centrosdptos/pdi/pdi.php?pdi=11994,ESCUELA TÉCNICA SUPERIOR DE INGENIERÍA DE EDIFICACIÓN,3,2026-05-09T07:30:34+00:00
http://alojawebapps.us.es/centrosdptos/pdi/pdi.php?pdi=2766,FACULTAD DE CIENCIAS ECONÓMICAS Y EMPRESARIALES,1,2026-05-09T07:30:35+00:00
http://alojawebapps.us.es/centrosdptos/pdi/pdi.php?pdi=2766,FACULTAD DE DERECHO,2,2026-05-09T07:30:35+00:00
http://alojawebapps.us.es/centrosdptos/pdi/pdi.php?pdi=2766,ESCUELA INTERNACIONAL DE POSGRADO (EIP),3,2026-05-09T07:30:35+00:00
http://alojawebapps.us.es/centrosdptos/pdi/pdi.php?pdi=6343,FACULTAD DE TURISMO Y FINANZAS,1,2026-05-09T07:30:36+00:00
http://alojawebapps.us.es/centrosdptos/pdi/pdi.php?pdi=6343,FACULTAD DE DERECHO,2,2026-05-09T07:30:36+00:00
http://alojawebapps.us.es/centrosdptos/pdi/pdi.php?pdi=6194,FACULTAD DE CIENCIAS ECONÓMICAS Y EMPRESARIALES,1,2026-05-09T07:30:36+00:00
http://alojawebapps.us.es/centrosdptos/pdi/pdi.php?pdi=6194,FACULTAD DE TURISMO Y FINANZAS,2,2026-05-09T07:30:36+00:00
http://alojawebapps.us.es/centrosdptos/pdi/pdi.php?pdi=6194,FACULTAD DE CIENCIAS DE LA EDUCACIÓN,3,2026-05-09T07:30:36+00:00
http://alojawebapps.us.es/centrosdptos/pdi/pdi.php?pdi=6194,"FACULTAD DE ENFERMERÍA, FISIOTERAPIA Y PODOLOGÍA",4,2026-05-09T07:30:36+00:00
http://alojawebapps.us.es/centrosdptos/pdi/pdi.php?pdi=12700,FACULTAD DE COMUNICACIÓN,1,2026-05-09T07:30:37+00:00
http://alojawebapps.us.es/centrosdptos/pdi/pdi.php?pdi=12700,FACULTAD DE TURISMO Y FINANZAS,2,2026-05-09T07:30:37+00:00
http://alojawebapps.us.es/centrosdptos/pdi/pdi.php?pdi=12700,FACULTAD DE CIENCIAS DEL TRABAJO,3,2026-05-09T07:30:37+00:00
http://alojawebapps.us.es/centrosdptos/pdi/pdi.php?pdi=12700,FACULTAD DE CIENCIAS ECONÓMICAS Y EMPRESARIALES,4,2026-05-09T07:30:37+00:00
http://alojawebapps.us.es/centrosdptos/pdi/pdi.php?pdi=12700,ESCUELA INTERNACIONAL DE POSGRADO (EIP),5,2026-05-09T07:30:37+00:00
http://alojawebapps.us.es/centrosdptos/pdi/pdi.php?pdi=18532,FACULTAD DE CIENCIAS ECONÓMICAS Y EMPRESARIALES,1,2026-05-09T07:30:38+00:00
http://alojawebapps.us.es/centrosdptos/pdi/pdi.php?pdi=18532,FACULTAD DE TURISMO Y FINANZAS,2,2026-05-09T07:30:38+00:00
http://alojawebapps.us.es/centrosdptos/pdi/pdi.php?pdi=6182,FACULTAD DE TURISMO Y FINANZAS,1,2026-05-09T07:30:39+00:00
http://alojawebapps.us.es/centrosdptos/pdi/pdi.php?pdi=3032,FACULTAD DE TURISMO Y FINANZAS,1,2026-05-09T07:30:39+00:00
http://alojawebapps.us.es/centrosdptos/pdi/pdi.php?pdi=3032,FACULTAD DE CIENCIAS ECONÓMICAS Y EMPRESARIALES,2,2026-05-09T07:30:39+00:00
http://alojawebapps.us.es/centrosdptos/pdi/pdi.php?pdi=3032,FACULTAD DE FARMACIA,3,2026-05-09T07:30:39+00:00
http://alojawebapps.us.es/centrosdptos/pdi/pdi.php?pdi=16011,FACULTAD DE CIENCIAS ECONÓMICAS Y EMPRESARIALES,1,2026-05-09T07:30:40+00:00
http://alojawebapps.us.es/centrosdptos/pdi/pdi.php?pdi=14859,FACULTAD DE TURISMO Y FINANZAS,1,2026-05-09T07:30:41+00:00
http://alojawebapps.us.es/centrosdptos/pdi/pdi.php?pdi=14859,FACULTAD DE CIENCIAS ECONÓMICAS Y EMPRESARIALES,2,2026-05-09T07:30:41+00:00
http://alojawebapps.us.es/centrosdptos/pdi/pdi.php?pdi=14859,ESCUELA INTERNACIONAL DE POSGRADO (EIP),3,2026-05-09T07:30:41+00:00
http://alojawebapps.us.es/centrosdptos/pdi/pdi.php?pdi=2784,FACULTAD DE TURISMO Y FINANZAS,1,2026-05-09T07:30:41+00:00
http://alojawebapps.us.es/centrosdptos/pdi/pdi.php?pdi=2784,FACULTAD DE DERECHO,2,2026-05-09T07:30:41+00:00
http://alojawebapps.us.es/centrosdptos/pdi/pdi.php?pdi=2784,FACULTAD DE CIENCIAS DEL TRABAJO,3,2026-05-09T07:30:41+00:00
http://alojawebapps.us.es/centrosdptos/pdi/pdi.php?pdi=3342,FACULTAD DE CIENCIAS ECONÓMICAS Y EMPRESARIALES,1,2026-05-09T07:30:42+00:00
http://alojawebapps.us.es/centrosdptos/pdi/pdi.php?pdi=3342,FACULTAD DE TURISMO Y FINANZAS,2,2026-05-09T07:30:42+00:00
http://alojawebapps.us.es/centrosdptos/pdi/pdi.php?pdi=5593,FACULTAD DE TURISMO Y FINANZAS,1,2026-05-09T07:30:43+00:00
http://alojawebapps.us.es/centrosdptos/pdi/pdi.php?pdi=15657,FACULTAD DE CIENCIAS ECONÓMICAS Y EMPRESARIALES,1,2026-05-09T07:30:44+00:00
http://alojawebapps.us.es/centrosdptos/pdi/pdi.php?pdi=15657,FACULTAD DE CIENCIAS DE LA EDUCACIÓN,2,2026-05-09T07:30:44+00:00
http://alojawebapps.us.es/centrosdptos/pdi/pdi.php?pdi=15657,FACULTAD DE DERECHO,3,2026-05-09T07:30:44+00:00
http://alojawebapps.us.es/centrosdptos/pdi/pdi.php?pdi=15657,FACULTAD DE TURISMO Y FINANZAS,4,2026-05-09T07:30:44+00:00
http://alojawebapps.us.es/centrosdptos/pdi/pdi.php?pdi=15657,"FACULTAD DE ENFERMERÍA, FISIOTERAPIA Y PODOLOGÍA",5,2026-05-09T07:30:44+00:00
http://alojawebapps.us.es/centrosdptos/pdi/pdi.php?pdi=15657,FACULTAD DE CIENCIAS DEL TRABAJO,6,2026-05-09T07:30:44+00:00
http://alojawebapps.us.es/centrosdptos/pdi/pdi.php?pdi=3519,FACULTAD DE CIENCIAS ECONÓMICAS Y EMPRESARIALES,1,2026-05-09T07:30:44+00:00
http://alojawebapps.us.es/centrosdptos/pdi/pdi.php?pdi=18120,FACULTAD DE CIENCIAS ECONÓMICAS Y EMPRESARIALES,1,2026-05-09T07:30:45+00:00
http://alojawebapps.us.es/centrosdptos/pdi/pdi.php?pdi=18120,FACULTAD DE COMUNICACIÓN,2,2026-05-09T07:30:45+00:00
http://alojawebapps.us.es/centrosdptos/pdi/pdi.php?pdi=6147,FACULTAD DE CIENCIAS ECONÓMICAS Y EMPRESARIALES,1,2026-05-09T07:30:46+00:00
http://alojawebapps.us.es/centrosdptos/pdi/pdi.php?pdi=4529,FACULTAD DE CIENCIAS ECONÓMICAS Y EMPRESARIALES,1,2026-05-09T07:30:47+00:00
http://alojawebapps.us.es/centrosdptos/pdi/pdi.php?pdi=4529,FACULTAD DE DERECHO,2,2026-05-09T07:30:47+00:00
http://alojawebapps.us.es/centrosdptos/pdi/pdi.php?pdi=4209,FACULTAD DE TURISMO Y FINANZAS,1,2026-05-09T07:30:47+00:00
http://alojawebapps.us.es/centrosdptos/pdi/pdi.php?pdi=4522,FACULTAD DE TURISMO Y FINANZAS,1,2026-05-09T07:30:48+00:00
http://alojawebapps.us.es/centrosdptos/pdi/pdi.php?pdi=4522,ESCUELA TÉCNICA SUPERIOR DE INGENIERÍA INFORMÁTICA,2,2026-05-09T07:30:48+00:00
http://alojawebapps.us.es/centrosdptos/pdi/pdi.php?pdi=4522,FACULTAD DE CIENCIAS DEL TRABAJO,3,2026-05-09T07:30:48+00:00
http://alojawebapps.us.es/centrosdptos/pdi/pdi.php?pdi=4522,FACULTAD DE DERECHO,4,2026-05-09T07:30:48+00:00
http://alojawebapps.us.es/centrosdptos/pdi/pdi.php?pdi=4522,FACULTAD DE CIENCIAS ECONÓMICAS Y EMPRESARIALES,5,2026-05-09T07:30:48+00:00
http://alojawebapps.us.es/centrosdptos/pdi/pdi.php?pdi=9162,FACULTAD DE TURISMO Y FINANZAS,1,2026-05-09T07:30:49+00:00
http://alojawebapps.us.es/centrosdptos/pdi/pdi.php?pdi=9162,FACULTAD DE CIENCIAS ECONÓMICAS Y EMPRESARIALES,2,2026-05-09T07:30:49+00:00
http://alojawebapps.us.es/centrosdptos/pdi/pdi.php?pdi=3997,FACULTAD DE CIENCIAS ECONÓMICAS Y EMPRESARIALES,1,2026-05-09T07:30:49+00:00
http://alojawebapps.us.es/centrosdptos/pdi/pdi.php?pdi=3997,FACULTAD DE CIENCIAS DEL TRABAJO,2,2026-05-09T07:30:49+00:00
http://alojawebapps.us.es/centrosdptos/pdi/pdi.php?pdi=17756,FACULTAD DE TURISMO Y FINANZAS,1,2026-05-09T07:30:50+00:00
http://alojawebapps.us.es/centrosdptos/pdi/pdi.php?pdi=17756,FACULTAD DE CIENCIAS ECONÓMICAS Y EMPRESARIALES,2,2026-05-09T07:30:50+00:00
http://alojawebapps.us.es/centrosdptos/pdi/pdi.php?pdi=14855,FACULTAD DE CIENCIAS ECONÓMICAS Y EMPRESARIALES,1,2026-05-09T07:30:51+00:00
http://alojawebapps.us.es/centrosdptos/pdi/pdi.php?pdi=14855,FACULTAD DE DERECHO,2,2026-05-09T07:30:51+00:00
http://alojawebapps.us.es/centrosdptos/pdi/pdi.php?pdi=14855,FACULTAD DE TURISMO Y FINANZAS,3,2026-05-09T07:30:51+00:00
http://alojawebapps.us.es/centrosdptos/pdi/pdi.php?pdi=12567,FACULTAD DE CIENCIAS DE LA EDUCACIÓN,1,2026-05-09T07:30:52+00:00
http://alojawebapps.us.es/centrosdptos/pdi/pdi.php?pdi=12567,"FACULTAD DE ENFERMERÍA, FISIOTERAPIA Y PODOLOGÍA",2,2026-05-09T07:30:52+00:00
http://alojawebapps.us.es/centrosdptos/pdi/pdi.php?pdi=12567,FACULTAD DE TURISMO Y FINANZAS,3,2026-05-09T07:30:52+00:00
http://alojawebapps.us.es/centrosdptos/pdi/pdi.php?pdi=12567,FACULTAD DE CIENCIAS ECONÓMICAS Y EMPRESARIALES,4,2026-05-09T07:30:52+00:00
http://alojawebapps.us.es/centrosdptos/pdi/pdi.php?pdi=12567,FACULTAD DE DERECHO,5,2026-05-09T07:30:52+00:00
http://alojawebapps.us.es/centrosdptos/pdi/pdi.php?pdi=6098,FACULTAD DE TURISMO Y FINANZAS,1,2026-05-09T07:30:53+00:00
http://alojawebapps.us.es/centrosdptos/pdi/pdi.php?pdi=6098,FACULTAD DE DERECHO,2,2026-05-09T07:30:53+00:00
http://alojawebapps.us.es/centrosdptos/pdi/pdi.php?pdi=6098,FACULTAD DE CIENCIAS DEL TRABAJO,3,2026-05-09T07:30:53+00:00
http://alojawebapps.us.es/centrosdptos/pdi/pdi.php?pdi=6098,ESCUELA TÉCNICA SUPERIOR DE INGENIERÍA INFORMÁTICA,4,2026-05-09T07:30:53+00:00
http://alojawebapps.us.es/centrosdptos/pdi/pdi.php?pdi=17657,FACULTAD DE TURISMO Y FINANZAS,1,2026-05-09T07:30:54+00:00
http://alojawebapps.us.es/centrosdptos/pdi/pdi.php?pdi=17657,FACULTAD DE DERECHO,2,2026-05-09T07:30:54+00:00
http://alojawebapps.us.es/centrosdptos/pdi/pdi.php?pdi=18246,FACULTAD DE CIENCIAS ECONÓMICAS Y EMPRESARIALES,1,2026-05-09T07:30:55+00:00
http://alojawebapps.us.es/centrosdptos/pdi/pdi.php?pdi=18246,FACULTAD DE DERECHO,2,2026-05-09T07:30:55+00:00
http://alojawebapps.us.es/centrosdptos/pdi/pdi.php?pdi=15082,FACULTAD DE CIENCIAS DEL TRABAJO,1,2026-05-09T07:30:55+00:00
http://alojawebapps.us.es/centrosdptos/pdi/pdi.php?pdi=15082,FACULTAD DE TURISMO Y FINANZAS,2,2026-05-09T07:30:55+00:00
http://alojawebapps.us.es/centrosdptos/pdi/pdi.php?pdi=3513,FACULTAD DE TURISMO Y FINANZAS,1,2026-05-09T07:30:56+00:00
http://alojawebapps.us.es/centrosdptos/pdi/pdi.php?pdi=3513,FACULTAD DE CIENCIAS ECONÓMICAS Y EMPRESARIALES,2,2026-05-09T07:30:56+00:00
http://alojawebapps.us.es/centrosdptos/pdi/pdi.php?pdi=6309,FACULTAD DE CIENCIAS ECONÓMICAS Y EMPRESARIALES,1,2026-05-09T07:30:57+00:00
http://alojawebapps.us.es/centrosdptos/pdi/pdi.php?pdi=6309,FACULTAD DE DERECHO,2,2026-05-09T07:30:57+00:00
http://alojawebapps.us.es/centrosdptos/pdi/pdi.php?pdi=6309,FACULTAD DE TURISMO Y FINANZAS,3,2026-05-09T07:30:57+00:00
http://alojawebapps.us.es/centrosdptos/pdi/pdi.php?pdi=17704,FACULTAD DE TURISMO Y FINANZAS,1,2026-05-09T07:30:57+00:00
http://alojawebapps.us.es/centrosdptos/pdi/pdi.php?pdi=17704,FACULTAD DE CIENCIAS ECONÓMICAS Y EMPRESARIALES,2,2026-05-09T07:30:57+00:00
http://alojawebapps.us.es/centrosdptos/pdi/pdi.php?pdi=17577,FACULTAD DE CIENCIAS ECONÓMICAS Y EMPRESARIALES,1,2026-05-09T07:30:58+00:00
http://alojawebapps.us.es/centrosdptos/pdi/pdi.php?pdi=17577,FACULTAD DE TURISMO Y FINANZAS,2,2026-05-09T07:30:58+00:00
http://alojawebapps.us.es/centrosdptos/pdi/pdi.php?pdi=17577,FACULTAD DE CIENCIAS DEL TRABAJO,3,2026-05-09T07:30:58+00:00
http://alojawebapps.us.es/centrosdptos/pdi/pdi.php?pdi=18260,FACULTAD DE CIENCIAS ECONÓMICAS Y EMPRESARIALES,1,2026-05-09T07:30:59+00:00
http://alojawebapps.us.es/centrosdptos/pdi/pdi.php?pdi=18260,FACULTAD DE TURISMO Y FINANZAS,2,2026-05-09T07:30:59+00:00
http://alojawebapps.us.es/centrosdptos/pdi/pdi.php?pdi=16695,FACULTAD DE CIENCIAS ECONÓMICAS Y EMPRESARIALES,1,2026-05-09T07:31:00+00:00
http://alojawebapps.us.es/centrosdptos/pdi/pdi.php?pdi=16695,FACULTAD DE TURISMO Y FINANZAS,2,2026-05-09T07:31:00+00:00
http://alojawebapps.us.es/centrosdptos/pdi/pdi.php?pdi=16695,FACULTAD DE CIENCIAS DEL TRABAJO,3,2026-05-09T07:31:00+00:00
http://alojawebapps.us.es/centrosdptos/pdi/pdi.php?pdi=5420,FACULTAD DE CIENCIAS ECONÓMICAS Y EMPRESARIALES,1,2026-05-09T07:31:00+00:00
http://alojawebapps.us.es/centrosdptos/pdi/pdi.php?pdi=5420,FACULTAD DE DERECHO,2,2026-05-09T07:31:00+00:00
http://alojawebapps.us.es/centrosdptos/pdi/pdi.php?pdi=11959,FACULTAD DE CIENCIAS ECONÓMICAS Y EMPRESARIALES,1,2026-05-09T07:31:01+00:00
http://alojawebapps.us.es/centrosdptos/pdi/pdi.php?pdi=11959,FACULTAD DE TURISMO Y FINANZAS,2,2026-05-09T07:31:01+00:00
http://alojawebapps.us.es/centrosdptos/pdi/pdi.php?pdi=11959,FACULTAD DE CIENCIAS DEL TRABAJO,3,2026-05-09T07:31:01+00:00
http://alojawebapps.us.es/centrosdptos/pdi/pdi.php?pdi=11959,FACULTAD DE DERECHO,4,2026-05-09T07:31:01+00:00
http://alojawebapps.us.es/centrosdptos/pdi/pdi.php?pdi=11959,ESCUELA INTERNACIONAL DE POSGRADO (EIP),5,2026-05-09T07:31:01+00:00
http://alojawebapps.us.es/centrosdptos/pdi/pdi.php?pdi=14856,FACULTAD DE CIENCIAS ECONÓMICAS Y EMPRESARIALES,1,2026-05-09T07:31:02+00:00
http://alojawebapps.us.es/centrosdptos/pdi/pdi.php?pdi=5755,FACULTAD DE TURISMO Y FINANZAS,1,2026-05-09T07:31:03+00:00
http://alojawebapps.us.es/centrosdptos/pdi/pdi.php?pdi=5755,FACULTAD DE CIENCIAS ECONÓMICAS Y EMPRESARIALES,2,2026-05-09T07:31:03+00:00
http://alojawebapps.us.es/centrosdptos/pdi/pdi.php?pdi=5755,ESCUELA INTERNACIONAL DE POSGRADO (EIP),3,2026-05-09T07:31:03+00:00
http://alojawebapps.us.es/centrosdptos/pdi/pdi.php?pdi=5526,FACULTAD DE CIENCIAS ECONÓMICAS Y EMPRESARIALES,1,2026-05-09T07:31:03+00:00
http://alojawebapps.us.es/centrosdptos/pdi/pdi.php?pdi=5526,FACULTAD DE TURISMO Y FINANZAS,2,2026-05-09T07:31:03+00:00
http://alojawebapps.us.es/centrosdptos/pdi/pdi.php?pdi=5526,ESCUELA INTERNACIONAL DE POSGRADO (EIP),3,2026-05-09T07:31:03+00:00
http://alojawebapps.us.es/centrosdptos/pdi/pdi.php?pdi=18293,FACULTAD DE CIENCIAS ECONÓMICAS Y EMPRESARIALES,1,2026-05-09T07:31:04+00:00
http://alojawebapps.us.es/centrosdptos/pdi/pdi.php?pdi=18293,FACULTAD DE TURISMO Y FINANZAS,2,2026-05-09T07:31:04+00:00
http://alojawebapps.us.es/centrosdptos/pdi/pdi.php?pdi=18293,FACULTAD DE COMUNICACIÓN,3,2026-05-09T07:31:04+00:00
http://alojawebapps.us.es/centrosdptos/pdi/pdi.php?pdi=18368,FACULTAD DE CIENCIAS ECONÓMICAS Y EMPRESARIALES,1,2026-05-09T07:31:05+00:00
http://alojawebapps.us.es/centrosdptos/pdi/pdi.php?pdi=18368,FACULTAD DE TURISMO Y FINANZAS,2,2026-05-09T07:31:05+00:00
http://alojawebapps.us.es/centrosdptos/pdi/pdi.php?pdi=16111,FACULTAD DE CIENCIAS ECONÓMICAS Y EMPRESARIALES,1,2026-05-09T07:31:06+00:00
http://alojawebapps.us.es/centrosdptos/pdi/pdi.php?pdi=17826,FACULTAD DE CIENCIAS ECONÓMICAS Y EMPRESARIALES,1,2026-05-09T07:31:06+00:00
http://alojawebapps.us.es/centrosdptos/pdi/pdi.php?pdi=17826,FACULTAD DE TURISMO Y FINANZAS,2,2026-05-09T07:31:06+00:00
http://alojawebapps.us.es/centrosdptos/pdi/pdi.php?pdi=11460,FACULTAD DE CIENCIAS ECONÓMICAS Y EMPRESARIALES,1,2026-05-09T07:31:07+00:00
http://alojawebapps.us.es/centrosdptos/pdi/pdi.php?pdi=11460,FACULTAD DE CIENCIAS DE LA EDUCACIÓN,2,2026-05-09T07:31:07+00:00
http://alojawebapps.us.es/centrosdptos/pdi/pdi.php?pdi=11460,FACULTAD DE TURISMO Y FINANZAS,3,2026-05-09T07:31:07+00:00
http://alojawebapps.us.es/centrosdptos/pdi/pdi.php?pdi=11460,"FACULTAD DE ENFERMERÍA, FISIOTERAPIA Y PODOLOGÍA",4,2026-05-09T07:31:07+00:00
http://alojawebapps.us.es/centrosdptos/pdi/pdi.php?pdi=11460,ESCUELA INTERNACIONAL DE POSGRADO (EIP),5,2026-05-09T07:31:07+00:00
http://alojawebapps.us.es/centrosdptos/pdi/pdi.php?pdi=4158,FACULTAD DE CIENCIAS DEL TRABAJO,1,2026-05-09T07:31:08+00:00
http://alojawebapps.us.es/centrosdptos/pdi/pdi.php?pdi=4158,FACULTAD DE TURISMO Y FINANZAS,2,2026-05-09T07:31:08+00:00
http://alojawebapps.us.es/centrosdptos/pdi/pdi.php?pdi=18248,FACULTAD DE CIENCIAS ECONÓMICAS Y EMPRESARIALES,1,2026-05-09T07:31:08+00:00
http://alojawebapps.us.es/centrosdptos/pdi/pdi.php?pdi=18248,FACULTAD DE TURISMO Y FINANZAS,2,2026-05-09T07:31:08+00:00
http://alojawebapps.us.es/centrosdptos/pdi/pdi.php?pdi=18248,FACULTAD DE COMUNICACIÓN,3,2026-05-09T07:31:08+00:00
http://alojawebapps.us.es/centrosdptos/pdi/pdi.php?pdi=18248,FACULTAD DE FARMACIA,4,2026-05-09T07:31:08+00:00
http://alojawebapps.us.es/centrosdptos/pdi/pdi.php?pdi=5083,FACULTAD DE CIENCIAS ECONÓMICAS Y EMPRESARIALES,1,2026-05-09T07:31:09+00:00
http://alojawebapps.us.es/centrosdptos/pdi/pdi.php?pdi=3341,FACULTAD DE TURISMO Y FINANZAS,1,2026-05-09T07:31:10+00:00
http://alojawebapps.us.es/centrosdptos/pdi/pdi.php?pdi=3341,ESCUELA INTERNACIONAL DE POSGRADO (EIP),2,2026-05-09T07:31:10+00:00
http://alojawebapps.us.es/centrosdptos/pdi/pdi.php?pdi=3341,FACULTAD DE CIENCIAS ECONÓMICAS Y EMPRESARIALES,3,2026-05-09T07:31:10+00:00
http://alojawebapps.us.es/centrosdptos/pdi/pdi.php?pdi=3341,FACULTAD DE DERECHO,4,2026-05-09T07:31:10+00:00
http://alojawebapps.us.es/centrosdptos/pdi/pdi.php?pdi=18400,FACULTAD DE TURISMO Y FINANZAS,1,2026-05-09T07:31:11+00:00
http://alojawebapps.us.es/centrosdptos/pdi/pdi.php?pdi=18400,FACULTAD DE CIENCIAS ECONÓMICAS Y EMPRESARIALES,2,2026-05-09T07:31:11+00:00
http://alojawebapps.us.es/centrosdptos/pdi/pdi.php?pdi=18400,FACULTAD DE DERECHO,3,2026-05-09T07:31:11+00:00
http://alojawebapps.us.es/centrosdptos/pdi/pdi.php?pdi=3884,FACULTAD DE CIENCIAS ECONÓMICAS Y EMPRESARIALES,1,2026-05-09T07:31:11+00:00
http://alojawebapps.us.es/centrosdptos/pdi/pdi.php?pdi=16624,FACULTAD DE TURISMO Y FINANZAS,1,2026-05-09T07:31:12+00:00
http://alojawebapps.us.es/centrosdptos/pdi/pdi.php?pdi=16624,FACULTAD DE CIENCIAS DEL TRABAJO,2,2026-05-09T07:31:12+00:00
http://alojawebapps.us.es/centrosdptos/pdi/pdi.php?pdi=2570,FACULTAD DE CIENCIAS ECONÓMICAS Y EMPRESARIALES,1,2026-05-09T07:31:13+00:00
http://alojawebapps.us.es/centrosdptos/pdi/pdi.php?pdi=5094,FACULTAD DE TURISMO Y FINANZAS,1,2026-05-09T07:31:14+00:00
http://alojawebapps.us.es/centrosdptos/pdi/pdi.php?pdi=2750,FACULTAD DE CIENCIAS ECONÓMICAS Y EMPRESARIALES,1,2026-05-09T07:31:14+00:00
http://alojawebapps.us.es/centrosdptos/pdi/pdi.php?pdi=2412,FACULTAD DE CIENCIAS DEL TRABAJO,1,2026-05-09T07:31:15+00:00
http://alojawebapps.us.es/centrosdptos/pdi/pdi.php?pdi=2412,FACULTAD DE CIENCIAS ECONÓMICAS Y EMPRESARIALES,2,2026-05-09T07:31:15+00:00
http://alojawebapps.us.es/centrosdptos/pdi/pdi.php?pdi=2412,FACULTAD DE TURISMO Y FINANZAS,3,2026-05-09T07:31:15+00:00
http://alojawebapps.us.es/centrosdptos/pdi/pdi.php?pdi=2567,FACULTAD DE CIENCIAS ECONÓMICAS Y EMPRESARIALES,1,2026-05-09T07:31:16+00:00
http://alojawebapps.us.es/centrosdptos/pdi/pdi.php?pdi=2404,FACULTAD DE TURISMO Y FINANZAS,1,2026-05-09T07:31:16+00:00
http://alojawebapps.us.es/centrosdptos/pdi/pdi.php?pdi=2404,FACULTAD DE CIENCIAS ECONÓMICAS Y EMPRESARIALES,2,2026-05-09T07:31:16+00:00
http://alojawebapps.us.es/centrosdptos/pdi/pdi.php?pdi=2404,FACULTAD DE CIENCIAS DEL TRABAJO,3,2026-05-09T07:31:16+00:00
http://alojawebapps.us.es/centrosdptos/pdi/pdi.php?pdi=16886,FACULTAD DE TURISMO Y FINANZAS,1,2026-05-09T07:31:17+00:00
http://alojawebapps.us.es/centrosdptos/pdi/pdi.php?pdi=16886,FACULTAD DE CIENCIAS ECONÓMICAS Y EMPRESARIALES,2,2026-05-09T07:31:17+00:00
http://alojawebapps.us.es/centrosdptos/pdi/pdi.php?pdi=16886,FACULTAD DE CIENCIAS DEL TRABAJO,3,2026-05-09T07:31:17+00:00
http://alojawebapps.us.es/centrosdptos/pdi/pdi.php?pdi=11810,FACULTAD DE TURISMO Y FINANZAS,1,2026-05-09T07:31:18+00:00
http://alojawebapps.us.es/centrosdptos/pdi/pdi.php?pdi=11810,FACULTAD DE CIENCIAS ECONÓMICAS Y EMPRESARIALES,2,2026-05-09T07:31:18+00:00
http://alojawebapps.us.es/centrosdptos/pdi/pdi.php?pdi=11810,FACULTAD DE CIENCIAS DEL TRABAJO,3,2026-05-09T07:31:18+00:00
http://alojawebapps.us.es/centrosdptos/pdi/pdi.php?pdi=4164,FACULTAD DE CIENCIAS ECONÓMICAS Y EMPRESARIALES,1,2026-05-09T07:31:19+00:00
http://alojawebapps.us.es/centrosdptos/pdi/pdi.php?pdi=4164,FACULTAD DE FARMACIA,2,2026-05-09T07:31:19+00:00
http://alojawebapps.us.es/centrosdptos/pdi/pdi.php?pdi=18350,FACULTAD DE CIENCIAS ECONÓMICAS Y EMPRESARIALES,1,2026-05-09T07:31:19+00:00
http://alojawebapps.us.es/centrosdptos/pdi/pdi.php?pdi=18350,FACULTAD DE TURISMO Y FINANZAS,2,2026-05-09T07:31:19+00:00
http://alojawebapps.us.es/centrosdptos/pdi/pdi.php?pdi=3811,FACULTAD DE CIENCIAS ECONÓMICAS Y EMPRESARIALES,1,2026-05-09T07:31:20+00:00
http://alojawebapps.us.es/centrosdptos/pdi/pdi.php?pdi=3811,FACULTAD DE TURISMO Y FINANZAS,2,2026-05-09T07:31:20+00:00
http://alojawebapps.us.es/centrosdptos/pdi/pdi.php?pdi=4438,FACULTAD DE DERECHO,1,2026-05-09T07:31:21+00:00
http://alojawebapps.us.es/centrosdptos/pdi/pdi.php?pdi=4438,FACULTAD DE TURISMO Y FINANZAS,2,2026-05-09T07:31:21+00:00
http://alojawebapps.us.es/centrosdptos/pdi/pdi.php?pdi=4438,FACULTAD DE CIENCIAS ECONÓMICAS Y EMPRESARIALES,3,2026-05-09T07:31:21+00:00
http://alojawebapps.us.es/centrosdptos/pdi/pdi.php?pdi=17745,FACULTAD DE CIENCIAS ECONÓMICAS Y EMPRESARIALES,1,2026-05-09T07:31:22+00:00
http://alojawebapps.us.es/centrosdptos/pdi/pdi.php?pdi=3653,FACULTAD DE CIENCIAS ECONÓMICAS Y EMPRESARIALES,1,2026-05-09T07:31:22+00:00
http://alojawebapps.us.es/centrosdptos/pdi/pdi.php?pdi=3653,FACULTAD DE CIENCIAS DEL TRABAJO,2,2026-05-09T07:31:22+00:00
http://alojawebapps.us.es/centrosdptos/pdi/pdi.php?pdi=3653,ESCUELA INTERNACIONAL DE POSGRADO (EIP),3,2026-05-09T07:31:22+00:00
http://alojawebapps.us.es/centrosdptos/pdi/pdi.php?pdi=3654,FACULTAD DE CIENCIAS ECONÓMICAS Y EMPRESARIALES,1,2026-05-09T07:31:23+00:00
http://alojawebapps.us.es/centrosdptos/pdi/pdi.php?pdi=3654,FACULTAD DE TURISMO Y FINANZAS,2,2026-05-09T07:31:23+00:00
http://alojawebapps.us.es/centrosdptos/pdi/pdi.php?pdi=3654,FACULTAD DE FARMACIA,3,2026-05-09T07:31:23+00:00
http://alojawebapps.us.es/centrosdptos/pdi/pdi.php?pdi=3654,FACULTAD DE DERECHO,4,2026-05-09T07:31:23+00:00
http://alojawebapps.us.es/centrosdptos/pdi/pdi.php?pdi=11478,FACULTAD DE TURISMO Y FINANZAS,1,2026-05-09T07:31:24+00:00
http://alojawebapps.us.es/centrosdptos/pdi/pdi.php?pdi=11478,FACULTAD DE CIENCIAS ECONÓMICAS Y EMPRESARIALES,2,2026-05-09T07:31:24+00:00
http://alojawebapps.us.es/centrosdptos/pdi/pdi.php?pdi=18448,FACULTAD DE CIENCIAS ECONÓMICAS Y EMPRESARIALES,1,2026-05-09T07:31:25+00:00
http://alojawebapps.us.es/centrosdptos/pdi/pdi.php?pdi=4951,FACULTAD DE TURISMO Y FINANZAS,1,2026-05-09T07:31:25+00:00
http://alojawebapps.us.es/centrosdptos/pdi/pdi.php?pdi=4951,FACULTAD DE CIENCIAS ECONÓMICAS Y EMPRESARIALES,2,2026-05-09T07:31:25+00:00
http://alojawebapps.us.es/centrosdptos/pdi/pdi.php?pdi=4951,FACULTAD DE COMUNICACIÓN,3,2026-05-09T07:31:25+00:00
http://alojawebapps.us.es/centrosdptos/pdi/pdi.php?pdi=2865,FACULTAD DE CIENCIAS DEL TRABAJO,1,2026-05-09T07:31:26+00:00
http://alojawebapps.us.es/centrosdptos/pdi/pdi.php?pdi=2865,FACULTAD DE TURISMO Y FINANZAS,2,2026-05-09T07:31:26+00:00
http://alojawebapps.us.es/centrosdptos/pdi/pdi.php?pdi=2375,FACULTAD DE CIENCIAS ECONÓMICAS Y EMPRESARIALES,1,2026-05-09T07:31:27+00:00
http://alojawebapps.us.es/centrosdptos/pdi/pdi.php?pdi=2375,FACULTAD DE DERECHO,2,2026-05-09T07:31:27+00:00
http://alojawebapps.us.es/centrosdptos/pdi/pdi.php?pdi=2375,FACULTAD DE COMUNICACIÓN,3,2026-05-09T07:31:27+00:00
http://alojawebapps.us.es/centrosdptos/pdi/pdi.php?pdi=9654,FACULTAD DE TURISMO Y FINANZAS,1,2026-05-09T07:31:27+00:00
http://alojawebapps.us.es/centrosdptos/pdi/pdi.php?pdi=9654,FACULTAD DE CIENCIAS ECONÓMICAS Y EMPRESARIALES,2,2026-05-09T07:31:27+00:00
http://alojawebapps.us.es/centrosdptos/pdi/pdi.php?pdi=6277,FACULTAD DE TURISMO Y FINANZAS,1,2026-05-09T07:31:28+00:00
http://alojawebapps.us.es/centrosdptos/pdi/pdi.php?pdi=6277,FACULTAD DE CIENCIAS ECONÓMICAS Y EMPRESARIALES,2,2026-05-09T07:31:28+00:00
http://alojawebapps.us.es/centrosdptos/pdi/pdi.php?pdi=3922,FACULTAD DE CIENCIAS ECONÓMICAS Y EMPRESARIALES,1,2026-05-09T07:31:29+00:00
http://alojawebapps.us.es/centrosdptos/pdi/pdi.php?pdi=3922,FACULTAD DE TURISMO Y FINANZAS,2,2026-05-09T07:31:29+00:00
http://alojawebapps.us.es/centrosdptos/pdi/pdi.php?pdi=2889,FACULTAD DE CIENCIAS DEL TRABAJO,1,2026-05-09T07:31:30+00:00
http://alojawebapps.us.es/centrosdptos/pdi/pdi.php?pdi=2371,FACULTAD DE CIENCIAS DEL TRABAJO,1,2026-05-09T07:31:30+00:00
http://alojawebapps.us.es/centrosdptos/pdi/pdi.php?pdi=2371,FACULTAD DE TURISMO Y FINANZAS,2,2026-05-09T07:31:30+00:00
http://alojawebapps.us.es/centrosdptos/pdi/pdi.php?pdi=5007,FACULTAD DE CIENCIAS ECONÓMICAS Y EMPRESARIALES,1,2026-05-09T07:31:31+00:00
http://alojawebapps.us.es/centrosdptos/pdi/pdi.php?pdi=2880,FACULTAD DE CIENCIAS ECONÓMICAS Y EMPRESARIALES,1,2026-05-09T07:31:32+00:00
http://alojawebapps.us.es/centrosdptos/pdi/pdi.php?pdi=2880,FACULTAD DE DERECHO,2,2026-05-09T07:31:32+00:00
http://alojawebapps.us.es/centrosdptos/pdi/pdi.php?pdi=4463,FACULTAD DE TURISMO Y FINANZAS,1,2026-05-09T07:31:33+00:00
http://alojawebapps.us.es/centrosdptos/pdi/pdi.php?pdi=4935,FACULTAD DE CIENCIAS ECONÓMICAS Y EMPRESARIALES,1,2026-05-09T07:31:33+00:00
http://alojawebapps.us.es/centrosdptos/pdi/pdi.php?pdi=4935,FACULTAD DE CIENCIAS DEL TRABAJO,2,2026-05-09T07:31:33+00:00
http://alojawebapps.us.es/centrosdptos/pdi/pdi.php?pdi=4935,FACULTAD DE TURISMO Y FINANZAS,3,2026-05-09T07:31:33+00:00
http://alojawebapps.us.es/centrosdptos/pdi/pdi.php?pdi=4935,FACULTAD DE DERECHO,4,2026-05-09T07:31:33+00:00
http://alojawebapps.us.es/centrosdptos/pdi/pdi.php?pdi=3611,FACULTAD DE CIENCIAS ECONÓMICAS Y EMPRESARIALES,1,2026-05-09T07:31:34+00:00
http://alojawebapps.us.es/centrosdptos/pdi/pdi.php?pdi=3611,FACULTAD DE DERECHO,2,2026-05-09T07:31:34+00:00
http://alojawebapps.us.es/centrosdptos/pdi/pdi.php?pdi=3611,FACULTAD DE COMUNICACIÓN,3,2026-05-09T07:31:34+00:00
http://alojawebapps.us.es/centrosdptos/pdi/pdi.php?pdi=3611,FACULTAD DE TURISMO Y FINANZAS,4,2026-05-09T07:31:34+00:00
http://alojawebapps.us.es/centrosdptos/pdi/pdi.php?pdi=5832,FACULTAD DE CIENCIAS ECONÓMICAS Y EMPRESARIALES,1,2026-05-09T07:31:35+00:00
http://alojawebapps.us.es/centrosdptos/pdi/pdi.php?pdi=5832,FACULTAD DE TURISMO Y FINANZAS,2,2026-05-09T07:31:35+00:00
http://alojawebapps.us.es/centrosdptos/pdi/pdi.php?pdi=18498,FACULTAD DE CIENCIAS ECONÓMICAS Y EMPRESARIALES,1,2026-05-09T07:31:35+00:00
http://alojawebapps.us.es/centrosdptos/pdi/pdi.php?pdi=6315,FACULTAD DE TURISMO Y FINANZAS,1,2026-05-09T07:31:36+00:00
http://alojawebapps.us.es/centrosdptos/pdi/pdi.php?pdi=5854,FACULTAD DE TURISMO Y FINANZAS,1,2026-05-09T07:31:37+00:00
http://alojawebapps.us.es/centrosdptos/pdi/pdi.php?pdi=5854,FACULTAD DE CIENCIAS DEL TRABAJO,2,2026-05-09T07:31:37+00:00
http://alojawebapps.us.es/centrosdptos/pdi/pdi.php?pdi=18398,FACULTAD DE CIENCIAS ECONÓMICAS Y EMPRESARIALES,1,2026-05-09T07:31:38+00:00
http://alojawebapps.us.es/centrosdptos/pdi/pdi.php?pdi=18398,FACULTAD DE TURISMO Y FINANZAS,2,2026-05-09T07:31:38+00:00
http://alojawebapps.us.es/centrosdptos/pdi/pdi.php?pdi=18398,FACULTAD DE CIENCIAS DEL TRABAJO,3,2026-05-09T07:31:38+00:00
http://alojawebapps.us.es/centrosdptos/pdi/pdi.php?pdi=15838,FACULTAD DE TURISMO Y FINANZAS,1,2026-05-09T07:31:38+00:00
http://alojawebapps.us.es/centrosdptos/pdi/pdi.php?pdi=15838,FACULTAD DE CIENCIAS ECONÓMICAS Y EMPRESARIALES,2,2026-05-09T07:31:38+00:00
http://alojawebapps.us.es/centrosdptos/pdi/pdi.php?pdi=15838,FACULTAD DE CIENCIAS DEL TRABAJO,3,2026-05-09T07:31:38+00:00
http://alojawebapps.us.es/centrosdptos/pdi/pdi.php?pdi=5354,FACULTAD DE CIENCIAS DEL TRABAJO,1,2026-05-09T07:31:39+00:00
http://alojawebapps.us.es/centrosdptos/pdi/pdi.php?pdi=5354,FACULTAD DE TURISMO Y FINANZAS,2,2026-05-09T07:31:39+00:00
http://alojawebapps.us.es/centrosdptos/pdi/pdi.php?pdi=5354,ESCUELA INTERNACIONAL DE POSGRADO (EIP),3,2026-05-09T07:31:39+00:00
http://alojawebapps.us.es/centrosdptos/pdi/pdi.php?pdi=17566,FACULTAD DE TURISMO Y FINANZAS,1,2026-05-09T07:31:40+00:00
http://alojawebapps.us.es/centrosdptos/pdi/pdi.php?pdi=17566,FACULTAD DE CIENCIAS DEL TRABAJO,2,2026-05-09T07:31:40+00:00
http://alojawebapps.us.es/centrosdptos/pdi/pdi.php?pdi=3445,FACULTAD DE CIENCIAS DEL TRABAJO,1,2026-05-09T07:31:41+00:00
http://alojawebapps.us.es/centrosdptos/pdi/pdi.php?pdi=17856,FACULTAD DE FILOSOFÍA,1,2026-05-09T07:31:41+00:00
http://alojawebapps.us.es/centrosdptos/pdi/pdi.php?pdi=17856,FACULTAD DE CIENCIAS ECONÓMICAS Y EMPRESARIALES,2,2026-05-09T07:31:41+00:00
http://alojawebapps.us.es/centrosdptos/pdi/pdi.php?pdi=2397,FACULTAD DE TURISMO Y FINANZAS,1,2026-05-09T07:31:42+00:00
http://alojawebapps.us.es/centrosdptos/pdi/pdi.php?pdi=2397,FACULTAD DE DERECHO,2,2026-05-09T07:31:42+00:00
http://alojawebapps.us.es/centrosdptos/pdi/pdi.php?pdi=5338,FACULTAD DE CIENCIAS ECONÓMICAS Y EMPRESARIALES,1,2026-05-09T07:31:43+00:00
http://alojawebapps.us.es/centrosdptos/pdi/pdi.php?pdi=5338,ESCUELA INTERNACIONAL DE POSGRADO (EIP),2,2026-05-09T07:31:43+00:00
http://alojawebapps.us.es/centrosdptos/pdi/pdi.php?pdi=5338,ESCUELA TÉCNICA SUPERIOR DE INGENIERÍA DE EDIFICACIÓN,3,2026-05-09T07:31:43+00:00
http://alojawebapps.us.es/centrosdptos/pdi/pdi.php?pdi=5811,FACULTAD DE CIENCIAS ECONÓMICAS Y EMPRESARIALES,1,2026-05-09T07:31:43+00:00
http://alojawebapps.us.es/centrosdptos/pdi/pdi.php?pdi=5811,FACULTAD DE DERECHO,2,2026-05-09T07:31:43+00:00
http://alojawebapps.us.es/centrosdptos/pdi/pdi.php?pdi=5811,FACULTAD DE TURISMO Y FINANZAS,3,2026-05-09T07:31:43+00:00
http://alojawebapps.us.es/centrosdptos/pdi/pdi.php?pdi=4389,ESCUELA INTERNACIONAL DE POSGRADO (EIP),1,2026-05-09T07:31:44+00:00
http://alojawebapps.us.es/centrosdptos/pdi/pdi.php?pdi=4389,FACULTAD DE CIENCIAS ECONÓMICAS Y EMPRESARIALES,2,2026-05-09T07:31:44+00:00
http://alojawebapps.us.es/centrosdptos/pdi/pdi.php?pdi=4389,FACULTAD DE DERECHO,3,2026-05-09T07:31:44+00:00
http://alojawebapps.us.es/centrosdptos/pdi/pdi.php?pdi=13651,FACULTAD DE CIENCIAS ECONÓMICAS Y EMPRESARIALES,1,2026-05-09T07:31:45+00:00
http://alojawebapps.us.es/centrosdptos/pdi/pdi.php?pdi=13651,FACULTAD DE TURISMO Y FINANZAS,2,2026-05-09T07:31:45+00:00
http://alojawebapps.us.es/centrosdptos/pdi/pdi.php?pdi=14153,FACULTAD DE CIENCIAS ECONÓMICAS Y EMPRESARIALES,1,2026-05-09T07:31:46+00:00
http://alojawebapps.us.es/centrosdptos/pdi/pdi.php?pdi=14153,FACULTAD DE TURISMO Y FINANZAS,2,2026-05-09T07:31:46+00:00
http://alojawebapps.us.es/centrosdptos/pdi/pdi.php?pdi=3601,FACULTAD DE CIENCIAS ECONÓMICAS Y EMPRESARIALES,1,2026-05-09T07:31:46+00:00
http://alojawebapps.us.es/centrosdptos/pdi/pdi.php?pdi=4473,FACULTAD DE CIENCIAS ECONÓMICAS Y EMPRESARIALES,1,2026-05-09T07:31:47+00:00
http://alojawebapps.us.es/centrosdptos/pdi/pdi.php?pdi=4473,FACULTAD DE TURISMO Y FINANZAS,2,2026-05-09T07:31:47+00:00
http://alojawebapps.us.es/centrosdptos/pdi/pdi.php?pdi=4473,FACULTAD DE DERECHO,3,2026-05-09T07:31:47+00:00
